{"paths": {"admin/css/fonts.css": "admin/css/fonts.cc6140298ba7.css", "admin/img/sorting-icons.svg": "admin/img/sorting-icons.3a097b59f104.svg", "admin/img/icon-yes.svg": "admin/img/icon-yes.d2f9f035226a.svg", "admin/img/icon-alert.svg": "admin/img/icon-alert.034cc7d8a67f.svg", "admin/img/icon-no.svg": "admin/img/icon-no.439e821418cd.svg", "admin/img/icon-addlink.svg": "admin/img/icon-addlink.d519b3bab011.svg", "admin/img/icon-changelink.svg": "admin/img/icon-changelink.18d2fd706348.svg", "admin/img/icon-deletelink.svg": "admin/img/icon-deletelink.564ef9dc3854.svg", "admin/img/tooltag-arrowright.svg": "admin/img/tooltag-arrowright.bbfb788a849e.svg", "admin/img/tooltag-add.svg": "admin/img/tooltag-add.e59d620a9742.svg", "admin/fonts/Roboto-Bold-webfont.woff": "admin/fonts/Roboto-Bold-webfont.2ad99072841e.woff", "admin/fonts/Roboto-Regular-webfont.woff": "admin/fonts/Roboto-Regular-webfont.ec39515ae8c6.woff", "admin/fonts/Roboto-Light-webfont.woff": "admin/fonts/Roboto-Light-webfont.b446c2399bb6.woff", "admin/css/widgets.css": "admin/css/widgets.a7251c097987.css", "admin/img/search.svg": "admin/img/search.7cf54ff789c6.svg", "admin/img/selector-icons.svg": "admin/img/selector-icons.b4555096cea2.svg", "admin/img/icon-unknown.svg": "admin/img/icon-unknown.a18cb4398978.svg", "admin/img/icon-unknown-alt.svg": "admin/img/icon-unknown-alt.81536e128bb6.svg", "admin/img/icon-clock.svg": "admin/img/icon-clock.e1d4dfac3f2b.svg", "admin/img/icon-calendar.svg": "admin/img/icon-calendar.ac7aea671bea.svg", "admin/img/calendar-icons.svg": "admin/img/calendar-icons.39b290681a8b.svg", "admin/img/inline-delete.svg": "admin/img/inline-delete.fec1b761f254.svg", "image/popup-close-button.png": "image/popup-close-button.031a3ccae8ec.png", "image/content_loader.gif": "image/content_loader.0b5cdba61f8f.gif", "image/press-over.png": "image/press-over.e92c31c09721.png", "image/1b1b1b_85.png": "image/1b1b1b_85.aece09be6c8f.png", "image/arrow-gallery-left.png": "image/arrow-gallery-left.23322790e417.png", "image/arrow-gallery-right.png": "image/arrow-gallery-right.5f4602474e17.png", "image/1b1b1b_15.png": "image/1b1b1b_15.c8ad9de246be.png", "admin/js/vendor/jquery/jquery.js": "admin/js/vendor/jquery/jquery.107fbe9555bf.js", "admin/js/vendor/jquery/jquery.min.js": "admin/js/vendor/jquery/jquery.min.f9c7afd05729.js", "admin/js/vendor/jquery/LICENSE-JQUERY.txt": "admin/js/vendor/jquery/LICENSE-JQUERY.a158210a2737.txt", "admin/js/vendor/xregexp/LICENSE-XREGEXP.txt": "admin/js/vendor/xregexp/LICENSE-XREGEXP.d64cecf4f157.txt", "admin/js/vendor/xregexp/xregexp.min.js": "admin/js/vendor/xregexp/xregexp.min.c95393b8ca4d.js", "admin/img/gis/move_vertex_off.svg": "admin/img/gis/move_vertex_off.7a23bf31ef8a.svg", "admin/img/gis/move_vertex_on.svg": "admin/img/gis/move_vertex_on.0047eba25b67.svg", "admin/js/admin/DateTimeShortcuts.js": "admin/js/admin/DateTimeShortcuts.fa515fdd6bee.js", "admin/js/admin/RelatedObjectLookups.js": "admin/js/admin/RelatedObjectLookups.36c818a27bcc.js", "image/bg/contact.jpg": "image/bg/contact.69f26867d65c.jpg", "image/bg/home-1.jpg": "image/bg/home-1.ca6df5f847f6.jpg", "image/bg/home-2.jpg": "image/bg/home-2.1448740ecc29.jpg", "image/bg/home.jpg": "image/bg/home.64990410003f.jpg", "image/bg/indulge.jpg": "image/bg/indulge.c03f742d529e.jpg", "image/bg/megeve.jpg": "image/bg/megeve.f63ed3bdbd21.jpg", "image/bg/packages.jpg": "image/bg/packages.8495869ca69e.jpg", "image/bg/play.jpg": "image/bg/play.68079d4c1cd6.jpg", "image/bg/reconnect.jpg": "image/bg/reconnect.d6f9d0fcbe92.jpg", "image/bg/revive.jpg": "image/bg/revive.5031e170ad4a.jpg", "image/bg/summer.jpg": "image/bg/summer.ad1c067d90d4.jpg", "image/bg/tariff.jpg": "image/bg/tariff.4f5b6f3bc843.jpg", "image/bg/thechalet.jpg": "image/bg/thechalet.eb0f188a7404.jpg", "image/bg/wine.jpg": "image/bg/wine.fec00d661c29.jpg", "image/gallery/1-medium.jpg": "image/gallery/1-medium.0ed64795e35f.jpg", "image/gallery/1-thumb.jpg": "image/gallery/1-thumb.a658cf69e86c.jpg", "image/gallery/1-zoom.jpg": "image/gallery/1-zoom.dbd30011c1fb.jpg", "image/gallery/2a-medium.jpg": "image/gallery/2a-medium.c5abb2eb0d7b.jpg", "image/gallery/2a-thumb.jpg": "image/gallery/2a-thumb.81aceb63f2dc.jpg", "image/gallery/2a-zoom.jpg": "image/gallery/2a-zoom.78be897ed3cb.jpg", "image/gallery/3-medium.jpg": "image/gallery/3-medium.651192baebd9.jpg", "image/gallery/3-thumb.jpg": "image/gallery/3-thumb.a64b5bf1332e.jpg", "image/gallery/3-zoom.jpg": "image/gallery/3-zoom.d3dad2e83524.jpg", "image/gallery/4a-medium.jpg": "image/gallery/4a-medium.23b69a84e6a1.jpg", "image/gallery/4a-thumb.jpg": "image/gallery/4a-thumb.430be9499bdb.jpg", "image/gallery/4a-zoom.jpg": "image/gallery/4a-zoom.d38f4fac172c.jpg", "image/gallery/_MG_0844a-medium.jpg": "image/gallery/_MG_0844a-medium.0ce8245d0421.jpg", "image/gallery/_MG_0844a-thumb.jpg": "image/gallery/_MG_0844a-thumb.fdab42fe00b2.jpg", "image/gallery/_MG_0844a-zoom.jpg": "image/gallery/_MG_0844a-zoom.e50b5bd783f8.jpg", "image/gallery/_MG_0906a-medium.jpg": "image/gallery/_MG_0906a-medium.93484c1bc6ef.jpg", "image/gallery/_MG_0906a-thumb.jpg": "image/gallery/_MG_0906a-thumb.acc001dfabed.jpg", "image/gallery/_MG_0906a-zoom.jpg": "image/gallery/_MG_0906a-zoom.1a743721333a.jpg", "image/gallery/_MG_0945a-medium.jpg": "image/gallery/_MG_0945a-medium.7e6cb322d3d6.jpg", "image/gallery/_MG_0945a-thumb.jpg": "image/gallery/_MG_0945a-thumb.b11b6e70560e.jpg", "image/gallery/_MG_0945a-zoom.jpg": "image/gallery/_MG_0945a-zoom.0519927a0be2.jpg", "image/gallery/_MG_0969a-medium.jpg": "image/gallery/_MG_0969a-medium.da5417888c82.jpg", "image/gallery/_MG_0969a-thumb.jpg": "image/gallery/_MG_0969a-thumb.c9e1f0206711.jpg", "image/gallery/_MG_0969a-zoom.jpg": "image/gallery/_MG_0969a-zoom.658daceb5ece.jpg", "image/gallery/_MG_0996a-medium.jpg": "image/gallery/_MG_0996a-medium.49cb9b93ed37.jpg", "image/gallery/_MG_0996a-thumb.jpg": "image/gallery/_MG_0996a-thumb.f134655db353.jpg", "image/gallery/_MG_0996a-zoom.jpg": "image/gallery/_MG_0996a-zoom.12c7b28dd20e.jpg", "image/gallery/_MG_1009a-medium.jpg": "image/gallery/_MG_1009a-medium.0c0e503de43f.jpg", "image/gallery/_MG_1009a-thumb.jpg": "image/gallery/_MG_1009a-thumb.f76ee8799270.jpg", "image/gallery/_MG_1009a-zoom.jpg": "image/gallery/_MG_1009a-zoom.0bc9616bb401.jpg", "image/gallery/_MG_1069a-medium.jpg": "image/gallery/_MG_1069a-medium.2f6ca70ba552.jpg", "image/gallery/_MG_1069a-thumb.jpg": "image/gallery/_MG_1069a-thumb.91c46f7aed66.jpg", "image/gallery/_MG_1069a-zoom.jpg": "image/gallery/_MG_1069a-zoom.f13439f9f3e4.jpg", "image/gallery/_MG_1108a-medium.jpg": "image/gallery/_MG_1108a-medium.d17d93c96253.jpg", "image/gallery/_MG_1108a-thumb.jpg": "image/gallery/_MG_1108a-thumb.0a48d6c25d58.jpg", "image/gallery/_MG_1108a-zoom.jpg": "image/gallery/_MG_1108a-zoom.05e361c2f7f5.jpg", "image/gallery/_MG_1210a-medium.jpg": "image/gallery/_MG_1210a-medium.b5f3ae60809a.jpg", "image/gallery/_MG_1210a-thumb.jpg": "image/gallery/_MG_1210a-thumb.d489b4d9d4ac.jpg", "image/gallery/_MG_1210a-zoom.jpg": "image/gallery/_MG_1210a-zoom.2d05a3d33171.jpg", "image/gallery/_MG_1219a-medium.jpg": "image/gallery/_MG_1219a-medium.d6ec64ac4f15.jpg", "image/gallery/_MG_1219a-thumb.jpg": "image/gallery/_MG_1219a-thumb.223cab385fa9.jpg", "image/gallery/_MG_1219a-zoom.jpg": "image/gallery/_MG_1219a-zoom.22fd9e21e2d2.jpg", "image/gallery/_MG_1287a-medium.jpg": "image/gallery/_MG_1287a-medium.deef06322dc7.jpg", "image/gallery/_MG_1287a-thumb.jpg": "image/gallery/_MG_1287a-thumb.4a6abe05ecbf.jpg", "image/gallery/_MG_1287a-zoom.jpg": "image/gallery/_MG_1287a-zoom.0648111f41ec.jpg", "image/gallery/_MG_1341a-medium.jpg": "image/gallery/_MG_1341a-medium.3240e24fe8a3.jpg", "image/gallery/_MG_1341a-thumb.jpg": "image/gallery/_MG_1341a-thumb.16b9b8f31ac4.jpg", "image/gallery/_MG_1341a-zoom.jpg": "image/gallery/_MG_1341a-zoom.fdc9a1f3dd17.jpg", "image/gallery/_MG_1388a-medium.jpg": "image/gallery/_MG_1388a-medium.4baf300ac158.jpg", "image/gallery/_MG_1388a-thumb.jpg": "image/gallery/_MG_1388a-thumb.879d23d7dd00.jpg", "image/gallery/_MG_1388a-zoom.jpg": "image/gallery/_MG_1388a-zoom.f1c39c3ffc35.jpg", "image/gallery/_MG_1412a-medium.jpg": "image/gallery/_MG_1412a-medium.94add18dd2e4.jpg", "image/gallery/_MG_1412a-thumb.jpg": "image/gallery/_MG_1412a-thumb.da184fe18169.jpg", "image/gallery/_MG_1412a-zoom.jpg": "image/gallery/_MG_1412a-zoom.dfd44c7e69b7.jpg", "image/gallery/_MG_1441a-medium.jpg": "image/gallery/_MG_1441a-medium.e02941c8bea9.jpg", "image/gallery/_MG_1441a-thumb.jpg": "image/gallery/_MG_1441a-thumb.0f35a11be9a6.jpg", "image/gallery/_MG_1441a-zoom.jpg": "image/gallery/_MG_1441a-zoom.b460ddc7c396.jpg", "image/gallery/_MG_1507a-medium.jpg": "image/gallery/_MG_1507a-medium.a4322fd774b6.jpg", "image/gallery/_MG_1507a-thumb.jpg": "image/gallery/_MG_1507a-thumb.0ea1a62b09bb.jpg", "image/gallery/_MG_1507a-zoom.jpg": "image/gallery/_MG_1507a-zoom.95a3eeccd790.jpg", "image/gallery/_MG_1522a-medium.jpg": "image/gallery/_MG_1522a-medium.113dad023236.jpg", "image/gallery/_MG_1522a-thumb.jpg": "image/gallery/_MG_1522a-thumb.3465b4ca1fe9.jpg", "image/gallery/_MG_1522a-zoom.jpg": "image/gallery/_MG_1522a-zoom.5440389a11bb.jpg", "image/gallery/_MG_1569a-medium.jpg": "image/gallery/_MG_1569a-medium.73e95dd9f169.jpg", "image/gallery/_MG_1569a-thumb.jpg": "image/gallery/_MG_1569a-thumb.c19ee2ef843f.jpg", "image/gallery/_MG_1569a-zoom.jpg": "image/gallery/_MG_1569a-zoom.6d37a941315c.jpg", "image/gallery/_MG_1648a-medium.jpg": "image/gallery/_MG_1648a-medium.5876717ebdec.jpg", "image/gallery/_MG_1648a-thumb.jpg": "image/gallery/_MG_1648a-thumb.a40575563093.jpg", "image/gallery/_MG_1648a-zoom.jpg": "image/gallery/_MG_1648a-zoom.e81e8bd21139.jpg", "image/gallery/_MG_1676a-medium.jpg": "image/gallery/_MG_1676a-medium.c231f4cbe4b0.jpg", "image/gallery/_MG_1676a-thumb.jpg": "image/gallery/_MG_1676a-thumb.2928147ced4e.jpg", "image/gallery/_MG_1676a-zoom.jpg": "image/gallery/_MG_1676a-zoom.88279e5e4bbf.jpg", "image/gallery/_MG_1696a-medium.jpg": "image/gallery/_MG_1696a-medium.533b64fdf9c4.jpg", "image/gallery/_MG_1696a-thumb.jpg": "image/gallery/_MG_1696a-thumb.23e1ab5e5802.jpg", "image/gallery/_MG_1696a-zoom.jpg": "image/gallery/_MG_1696a-zoom.e6e7978e79a1.jpg", "image/gallery/_MG_1729a-medium.jpg": "image/gallery/_MG_1729a-medium.c570856a5b8e.jpg", "image/gallery/_MG_1729a-thumb.jpg": "image/gallery/_MG_1729a-thumb.c25dc7d2553d.jpg", "image/gallery/_MG_1729a-zoom.jpg": "image/gallery/_MG_1729a-zoom.1a4fe5771135.jpg", "image/gallery/_MG_1735a-medium.jpg": "image/gallery/_MG_1735a-medium.f38c7777896f.jpg", "image/gallery/_MG_1735a-thumb.jpg": "image/gallery/_MG_1735a-thumb.f584490fd540.jpg", "image/gallery/_MG_1735a-zoom.jpg": "image/gallery/_MG_1735a-zoom.bdd05fc0224a.jpg", "image/gallery/_MG_1747a-medium.jpg": "image/gallery/_MG_1747a-medium.b4460ff31dcd.jpg", "image/gallery/_MG_1747a-thumb.jpg": "image/gallery/_MG_1747a-thumb.522962b2a909.jpg", "image/gallery/_MG_1747a-zoom.jpg": "image/gallery/_MG_1747a-zoom.7817110975ed.jpg", "image/gallery/_MG_1756a-medium.jpg": "image/gallery/_MG_1756a-medium.f2fd88e40818.jpg", "image/gallery/_MG_1756a-thumb.jpg": "image/gallery/_MG_1756a-thumb.7c3ce978ad8f.jpg", "image/gallery/_MG_1756a-zoom.jpg": "image/gallery/_MG_1756a-zoom.74cb0973139e.jpg", "image/gallery/_MG_1825a-medium.jpg": "image/gallery/_MG_1825a-medium.24b2750ddc45.jpg", "image/gallery/_MG_1825a-thumb.jpg": "image/gallery/_MG_1825a-thumb.597c266a09d6.jpg", "image/gallery/_MG_1825a-zoom.jpg": "image/gallery/_MG_1825a-zoom.f1c170b77479.jpg", "image/gallery/_MG_1848a-medium.jpg": "image/gallery/_MG_1848a-medium.d32e8eb742dd.jpg", "image/gallery/_MG_1848a-thumb.jpg": "image/gallery/_MG_1848a-thumb.7ce0ff433bee.jpg", "image/gallery/_MG_1848a-zoom.jpg": "image/gallery/_MG_1848a-zoom.ef485f7e173a.jpg", "image/gallery/_MG_1890a-medium.jpg": "image/gallery/_MG_1890a-medium.4afb3ee319dd.jpg", "image/gallery/_MG_1890a-thumb.jpg": "image/gallery/_MG_1890a-thumb.e2c981f224c9.jpg", "image/gallery/_MG_1890a-zoom.jpg": "image/gallery/_MG_1890a-zoom.9ea5a32f7108.jpg", "image/press/alexandra-foster.jpg": "image/press/alexandra-foster.1a898c85fb25.jpg", "image/press/centurion.jpg": "image/press/centurion.f71c15e5f85c.jpg", "image/press/cnn.jpg": "image/press/cnn.362e6db65977.jpg", "image/press/luxury-travel.jpg": "image/press/luxury-travel.37d0b2b8cd58.jpg", "image/press/news-au.jpg": "image/press/news-au.321a1ff9430c.jpg", "image/press/snow-mag.jpg": "image/press/snow-mag.a401aee3c91b.jpg", "image/press/tatler.jpg": "image/press/tatler.7cbe7185f2de.jpg", "image/press/traveller.jpg": "image/press/traveller.3595fa36b6ef.jpg", "js/jquery/jquery-1.11.3.min.js": "js/jquery/jquery-1.11.3.min.895323ed2f72.js", "js/jquery/jquery.fullPage.min.js": "js/jquery/jquery.fullPage.min.a3604b1efd22.js", "js/jquery/jquery.hammer.js": "js/jquery/jquery.hammer.0655fbe8768d.js", "js/jquery/jquery.mousewheel.min.js": "js/jquery/jquery.mousewheel.min.d5843dbdc71f.js", "js/jquery/plugins.js": "js/jquery/plugins.dfae7e13a3b4.js", "js/vendors/jquery.easings.min.js": "js/vendors/jquery.easings.min.bbbe0b23499a.js", "js/vendors/jquery.slimscroll.min.js": "js/vendors/jquery.slimscroll.min.6fea3db12935.js", "admin/css/base.css": "admin/css/base.9f6547179ace.css", "admin/css/changelists.css": "admin/css/changelists.32a12db9a480.css", "admin/css/dashboard.css": "admin/css/dashboard.4898e2e9983d.css", "admin/css/forms.css": "admin/css/forms.70b858e61281.css", "admin/css/login.css": "admin/css/login.a846c0e2ef65.css", "admin/css/rtl.css": "admin/css/rtl.e024aaf6df25.css", "admin/fonts/LICENSE.txt": "admin/fonts/LICENSE.d273d63619c9.txt", "admin/fonts/README.txt": "admin/fonts/README.2c3d0bcdede2.txt", "admin/img/LICENSE": "admin/img/LICENSE.2c54f4e1ca1c", "admin/img/README.txt": "admin/img/README.837277fa1908.txt", "admin/js/actions.js": "admin/js/actions.df9119bcc981.js", "admin/js/actions.min.js": "admin/js/actions.min.c8d91e1d05fe.js", "admin/js/calendar.js": "admin/js/calendar.847972dc11ca.js", "admin/js/collapse.js": "admin/js/collapse.17d715df2104.js", "admin/js/collapse.min.js": "admin/js/collapse.min.dc930adb2821.js", "admin/js/core.js": "admin/js/core.55f19d9d5953.js", "admin/js/inlines.js": "admin/js/inlines.8199258210ef.js", "admin/js/inlines.min.js": "admin/js/inlines.min.91c080dc1cbf.js", "admin/js/jquery.init.js": "admin/js/jquery.init.95b62fa19378.js", "admin/js/prepopulate.js": "admin/js/prepopulate.ff9208865444.js", "admin/js/prepopulate.min.js": "admin/js/prepopulate.min.f4057ebb9b62.js", "admin/js/SelectBox.js": "admin/js/SelectBox.9b544c47149c.js", "admin/js/SelectFilter2.js": "admin/js/SelectFilter2.92ca1fea6656.js", "admin/js/timeparse.js": "admin/js/timeparse.51258861a46a.js", "admin/js/urlify.js": "admin/js/urlify.72f9b26e3ecd.js", "css/bootstrap.css": "css/bootstrap.84393598031d.css", "css/jquery.fullPage.css": "css/jquery.fullPage.03df614607d0.css", "css/magnific-popup.css": "css/magnific-popup.5e9b4a0cd874.css", "css/style.css": "css/style.af6b6bf844a4.css", "image/fav.png": "image/fav.f69a0d70937d.png", "image/favicon-16x16.png": "image/favicon-16x16.3f11935f1401.png", "image/favicon-32x32.png": "image/favicon-32x32.8af730c6e4b7.png", "image/favicon.ico": "image/favicon.f27c0b3832ea.ico", "image/favicon.png": "image/favicon.f69a0d70937d.png", "image/logo-dreamtek.png": "image/logo-dreamtek.4879e9ba2303.png", "image/logo.png": "image/logo.c17f9af7cac7.png", "image/logo.svg": "image/logo.301b8c2ce954.svg", "image/menu-icon.svg": "image/menu-icon.249bdc119bc3.svg", "js/fullscreenparallax.js": "js/fullscreenparallax.96d927bdbce2.js", "js/gallery.jplayer.js": "js/gallery.jplayer.06735c0a9046.js", "js/gallery.js": "js/gallery.8961b83b3d69.js", "js/gallery.plugins.js": "js/gallery.plugins.68b6b862451c.js", "js/hammer-2.0.4.min.js": "js/hammer-2.0.4.min.5e096613a483.js", "js/hammer.min.js": "js/hammer.min.f9485fb9f1eb.js", "js/hammer.min.map": "js/hammer.min.9672fb9f1ccd.map", "js/main.js": "js/main.ea411b963513.js", "js/main.js.bak": "js/main.js.810481164bc3.bak", "js/parallaxoptions.html": "js/parallaxoptions.29a73dcf5ac9.html", "pdf/oneoak.pdf": "pdf/oneoak.2b57bd1c7f95.pdf"}, "version": "1.0"}